Order_ID,Customer_ID,Order_Date,Region,City,Category,Product,Quantity,Unit_Price,Discount,Sales,Cost,Profit,Payment_Method,Customer_Age,Gender,Rating
O0001,C1131,2025-02-26,South,Chennai,Furniture,Sofa,6,2299,20,11035.2,9602.52,1432.68,Card,41,Male,4.8
O0002,C1176,2025-04-19,West,Pune,Furniture,Cupboard,3,38471,5,109642.35,84369.58,25272.77,Cash,38,Male,3.1
O0003,C1048,2025-07-26,South,Visakhapatnam,Sports,Football,8,27561,5,209463.6,160965.56,48498.04,Card,32,Male,3.4
O0004,C1178,2025-08-27,South,Hyderabad,Clothing,Shoes,2,19350,25,29025.0,25984.85,3040.15,Cash,63,Female,3.0
O0005,C1116,2025-10-31,South,Visakhapatnam,Clothing,Jacket,10,44476,25,333570.0,219291.25,114278.75,Cash,42,Female,4.2
O0006,C1096,2025-07-29,North,Delhi,Furniture,Cupboard,8,44271,30,247917.6,220373.12,27544.48,Card,34,Male,4.8
O0007,C1079,2025-11-14,South,Bangalore,Clothing,Jeans,7,33887,10,213488.1,130041.62,83446.48,UPI,47,Female,3.1
O0008,C1198,2025-08-23,East,Bhubaneswar,Clothing,Shoes,4,22268,5,84618.4,64634.17,19984.23,UPI,20,Male,4.9
O0009,C1023,2025-01-31,West,Mumbai,Electronics,Laptop,2,14947,0,29894.0,23719.06,6174.94,UPI,50,Female,3.9
O0010,C1022,2025-07-11,East,Bhubaneswar,Clothing,Jacket,6,12266,30,51517.2,39419.29,12097.91,Card,22,Male,3.7
O0011,C1076,2025-07-14,East,Kolkata,Clothing,T-Shirt,9,5217,10,42257.7,33104.91,9152.79,UPI,48,Male,3.9
O0012,C1029,2025-12-01,North,Delhi,Electronics,Smart Watch,9,25442,25,171733.5,105239.34,66494.16,UPI,63,Male,3.5
O0013,C1157,2025-09-25,South,Hyderabad,Electronics,Headphones,5,19747,30,69114.5,46066.8,23047.7,Cash,27,Female,4.9
O0014,C1042,2025-05-17,North,Jaipur,Furniture,Sofa,10,37235,25,279262.5,233466.03,45796.47,Card,22,Female,4.8
O0015,C1106,2025-12-07,South,Hyderabad,Grocery,Sugar,5,49663,30,173820.5,115156.73,58663.77,UPI,34,Female,3.6
O0016,C1189,2025-02-18,East,Kolkata,Electronics,Smart Watch,5,22635,15,96198.75,85043.87,11154.88,UPI,53,Male,3.6
O0017,C1178,2025-09-07,West,Pune,Clothing,T-Shirt,2,9090,10,16362.0,10907.79,5454.21,Cash,48,Male,3.4
O0018,C1096,2025-08-01,North,Delhi,Grocery,Milk,2,23716,20,37945.6,22785.93,15159.67,Card,19,Female,3.1
O0019,C1138,2025-06-18,North,Jaipur,Sports,Yoga Mat,2,22922,20,36675.2,30224.61,6450.59,UPI,42,Female,3.4
O0020,C1062,2025-04-03,South,Chennai,Grocery,Milk,6,3233,10,17458.2,10768.01,6690.19,Cash,56,Female,4.8
O0021,C1056,2025-10-16,North,Delhi,Electronics,Laptop,9,40948,25,276399.0,196756.92,79642.08,Cash,31,Male,4.6
O0022,C1058,2025-03-15,West,Mumbai,Furniture,Chair,2,28795,15,48951.5,31042.01,17909.49,UPI,18,Female,3.5
O0023,C1073,2025-12-08,North,Delhi,Electronics,Smart Watch,4,837,5,3180.6,2822.53,358.07,Cash,47,Female,4.6
O0024,C1187,2025-09-01,South,Chennai,Electronics,Mobile,6,42199,0,253194.0,182514.49,70679.51,Card,29,Male,4.1
O0025,C1023,2025-12-23,North,Delhi,Electronics,Laptop,10,42397,25,317977.5,246417.45,71560.05,Card,43,Male,3.6
O0026,C1186,2025-10-03,East,Kolkata,Grocery,Oil,4,25183,30,70512.4,60677.29,9835.11,Cash,59,Female,4.8
O0027,C1170,2025-10-15,South,Chennai,Electronics,Mobile,8,41964,20,268569.6,165329.37,103240.23,Cash,26,Female,3.3
O0028,C1126,2025-06-02,East,Kolkata,Electronics,Laptop,2,46388,10,83498.4,63429.16,20069.24,Card,36,Female,3.4
O0029,C1124,2025-04-16,East,Kolkata,Grocery,Sugar,5,5020,30,17570.0,14127.36,3442.64,Card,43,Female,4.0
O0030,C1143,2025-07-06,West,Pune,Clothing,Shoes,10,8263,10,74367.0,56354.36,18012.64,UPI,64,Male,4.3
O0031,C1114,2025-03-11,South,Chennai,Electronics,Headphones,9,29043,5,248317.65,151047.66,97269.99,Card,56,Female,3.8
O0032,C1121,2025-08-04,East,Kolkata,Clothing,T-Shirt,6,35595,15,181534.5,156244.29,25290.21,Cash,59,Female,4.0
O0033,C1139,2025-03-28,South,Visakhapatnam,Grocery,Sugar,8,10605,5,80598.0,60372.99,20225.01,Card,40,Female,3.1
O0034,C1144,2025-10-26,East,Kolkata,Clothing,Jeans,6,7748,0,46488.0,31918.86,14569.14,Cash,65,Male,3.1
O0035,C1040,2025-02-03,North,Jaipur,Clothing,Jeans,2,9222,0,18444.0,14186.52,4257.48,UPI,51,Female,3.9
O0036,C1034,2025-07-16,East,Bhubaneswar,Grocery,Milk,2,27146,15,46148.2,34255.27,11892.93,Card,20,Female,4.7
O0037,C1141,2025-01-19,West,Mumbai,Sports,Cricket Bat,2,25677,25,38515.5,23476.73,15038.77,Cash,51,Female,3.2
O0038,C1164,2025-10-22,North,Delhi,Furniture,Chair,9,31111,30,195999.3,162417.23,33582.07,UPI,60,Male,3.5
O0039,C1099,2025-07-04,South,Hyderabad,Furniture,Table,8,22618,25,135708.0,87236.35,48471.65,UPI,46,Female,3.1
O0040,C1152,2025-08-18,East,Bhubaneswar,Furniture,Sofa,1,41933,10,37739.7,28824.82,8914.88,Cash,29,Male,3.9
O0041,C1045,2025-03-21,North,Jaipur,Sports,Football,1,6340,15,5389.0,4711.05,677.95,UPI,36,Female,3.2
O0042,C1140,2025-12-11,East,Kolkata,Electronics,Mobile,10,3531,25,26482.5,23141.11,3341.39,Cash,36,Female,3.3
O0043,C1182,2025-04-10,South,Bangalore,Clothing,T-Shirt,2,45439,0,90878.0,67677.73,23200.27,UPI,34,Female,4.4
O0044,C1055,2025-10-21,South,Visakhapatnam,Furniture,Sofa,2,16955,20,27128.0,18567.45,8560.55,UPI,39,Female,4.2
O0045,C1174,2025-04-14,North,Jaipur,Grocery,Oil,7,42013,10,264681.9,159235.22,105446.68,Card,45,Female,3.1
O0046,C1101,2025-07-19,North,Jaipur,Electronics,Laptop,2,4952,25,7428.0,5393.83,2034.17,Cash,25,Male,4.1
O0047,C1157,2025-03-01,North,Delhi,Grocery,Oil,8,8440,20,54016.0,36004.16,18011.84,Card,40,Male,3.3
O0048,C1027,2025-10-28,North,Delhi,Sports,Yoga Mat,8,33137,0,265096.0,209566.84,55529.16,Card,29,Male,4.9
O0049,C1028,2025-02-04,East,Bhubaneswar,Clothing,Shoes,6,7155,0,42930.0,38230.25,4699.75,Cash,54,Male,3.6
O0050,C1099,2025-06-10,South,Visakhapatnam,Grocery,Sugar,6,25757,20,123633.6,106780.31,16853.29,Card,24,Female,3.2
O0051,C1157,2025-12-02,East,Kolkata,Sports,Dumbbells,10,19215,30,134505.0,110761.44,23743.56,Cash,32,Female,3.8
O0052,C1022,2025-05-19,West,Mumbai,Sports,Cricket Bat,10,8591,20,68728.0,57387.41,11340.59,Card,64,Male,5.0
O0053,C1074,2025-12-13,East,Kolkata,Clothing,T-Shirt,5,20816,0,104080.0,90373.99,13706.01,UPI,38,Female,4.3
O0054,C1060,2025-12-23,West,Pune,Clothing,Shoes,5,45403,30,158910.5,116287.83,42622.67,Card,23,Male,3.5
O0055,C1084,2025-10-21,West,Pune,Sports,Yoga Mat,9,9533,5,81507.15,51046.01,30461.14,UPI,54,Male,3.9
O0056,C1055,2025-07-04,West,Pune,Clothing,Jacket,5,25653,15,109025.25,87946.46,21078.79,Card,62,Female,3.5
O0057,C1131,2025-11-30,North,Delhi,Clothing,T-Shirt,7,15064,0,105448.0,81437.53,24010.47,Card,24,Male,3.5
O0058,C1100,2025-08-01,West,Pune,Sports,Football,8,17869,20,114361.6,79702.55,34659.05,Cash,51,Female,4.1
O0059,C1040,2025-12-05,East,Kolkata,Sports,Cricket Bat,9,26188,15,200338.2,128614.71,71723.49,Cash,62,Male,4.6
O0060,C1009,2025-05-31,South,Chennai,Electronics,Laptop,8,13455,5,102258.0,77284.98,24973.02,UPI,58,Male,3.6
O0061,C1079,2025-08-27,East,Bhubaneswar,Furniture,Chair,3,42845,25,96401.25,70145.69,26255.56,Cash,43,Male,3.9
O0062,C1187,2025-04-10,West,Pune,Clothing,Jeans,9,7797,5,66664.35,45582.58,21081.77,Card,35,Male,4.8
O0063,C1119,2025-04-18,East,Bhubaneswar,Clothing,Shoes,10,42235,0,422350.0,313883.43,108466.57,Cash,39,Female,3.7
O0064,C1028,2025-12-23,West,Mumbai,Sports,Football,8,3366,15,22888.8,19025.14,3863.66,Card,55,Male,3.8
O0065,C1185,2025-12-19,South,Hyderabad,Furniture,Chair,2,40145,15,68246.5,57425.76,10820.74,UPI,65,Female,3.1
O0066,C1106,2025-09-12,South,Bangalore,Clothing,T-Shirt,4,13875,15,47175.0,31868.16,15306.84,UPI,55,Male,3.0
O0067,C1010,2025-08-22,North,Jaipur,Grocery,Rice,7,18048,10,113702.4,99298.35,14404.05,Card,34,Female,3.3
O0068,C1109,2025-05-24,North,Delhi,Furniture,Sofa,5,589,5,2797.75,2139.62,658.13,Card,22,Male,4.3
O0069,C1176,2025-06-30,West,Mumbai,Clothing,T-Shirt,1,42798,0,42798.0,34685.91,8112.09,Card,28,Male,3.6
O0070,C1041,2025-11-27,East,Bhubaneswar,Clothing,Jacket,4,10745,5,40831.0,32624.91,8206.09,UPI,34,Female,4.6
O0071,C1019,2025-09-30,North,Jaipur,Grocery,Rice,5,40432,0,202160.0,132265.14,69894.86,Card,32,Female,3.3
O0072,C1110,2025-02-26,East,Bhubaneswar,Furniture,Chair,10,10811,15,91893.5,61601.71,30291.79,UPI,32,Female,4.8
O0073,C1014,2025-05-25,West,Mumbai,Sports,Yoga Mat,3,41010,10,110727.0,75619.99,35107.01,UPI,35,Female,3.8
O0074,C1045,2025-07-04,South,Chennai,Furniture,Sofa,2,16404,5,31167.6,21216.92,9950.68,Cash,18,Male,4.1
O0075,C1125,2025-01-23,North,Jaipur,Sports,Dumbbells,9,6474,10,52439.4,40130.86,12308.54,UPI,65,Female,3.5
O0076,C1163,2025-05-29,East,Bhubaneswar,Grocery,Oil,4,33585,30,94038.0,83823.39,10214.61,Card,63,Male,3.6
O0077,C1119,2025-03-22,South,Bangalore,Sports,Football,10,28731,0,287310.0,198985.39,88324.61,Card,43,Male,3.7
O0078,C1005,2025-08-02,East,Bhubaneswar,Electronics,Smart Watch,6,17748,10,95839.2,81367.85,14471.35,Card,63,Female,4.1
O0079,C1032,2025-07-05,East,Kolkata,Clothing,Shoes,10,22443,20,179544.0,111282.49,68261.51,Card,24,Female,3.6
O0080,C1012,2025-07-14,South,Visakhapatnam,Grocery,Rice,6,43589,5,248457.3,212860.28,35597.02,Card,65,Male,4.9
O0081,C1113,2025-01-09,East,Bhubaneswar,Furniture,Sofa,4,28490,30,79772.0,49598.24,30173.76,Cash,50,Female,4.5
O0082,C1088,2025-03-24,North,Delhi,Sports,Dumbbells,5,5030,0,25150.0,17397.01,7752.99,UPI,34,Female,3.3
O0083,C1023,2025-08-13,South,Hyderabad,Clothing,Jeans,4,1092,10,3931.2,3364.28,566.92,Cash,23,Female,4.3
O0084,C1022,2025-03-09,South,Hyderabad,Clothing,Shoes,8,7795,15,53006.0,38924.83,14081.17,Cash,62,Male,4.1
O0085,C1176,2025-10-10,North,Jaipur,Grocery,Oil,7,25072,5,166728.8,117732.37,48996.43,Card,33,Male,4.8
O0086,C1163,2025-09-17,East,Bhubaneswar,Electronics,Headphones,9,7348,0,66132.0,46019.17,20112.83,UPI,64,Female,3.9
O0087,C1159,2025-12-15,North,Jaipur,Grocery,Sugar,1,37297,5,35432.15,24414.96,11017.19,Card,37,Female,3.9
O0088,C1106,2025-04-10,West,Mumbai,Electronics,Mobile,2,44029,0,88058.0,76553.77,11504.23,Cash,61,Male,4.1
O0089,C1047,2025-09-03,East,Bhubaneswar,Grocery,Sugar,9,6395,15,48921.75,41288.45,7633.3,UPI,52,Male,3.3
O0090,C1020,2025-11-28,East,Bhubaneswar,Grocery,Sugar,5,21825,15,92756.25,62860.92,29895.33,Card,48,Female,3.8
O0091,C1005,2025-03-16,North,Delhi,Grocery,Oil,2,9931,20,15889.6,13183.17,2706.43,Card,62,Male,3.5
O0092,C1125,2025-10-24,East,Kolkata,Sports,Dumbbells,4,14666,25,43998.0,34466.31,9531.69,Cash,25,Male,3.4
O0093,C1199,2025-03-01,West,Pune,Clothing,Jeans,6,37678,5,214764.6,138958.92,75805.68,Cash,53,Male,3.7
O0094,C1193,2025-10-16,East,Kolkata,Sports,Cricket Bat,9,47226,30,297523.8,242115.5,55408.3,UPI,53,Female,4.3
O0095,C1186,2025-06-14,North,Delhi,Electronics,Mobile,5,36389,25,136458.75,98208.05,38250.7,Card,59,Female,4.2
O0096,C1021,2025-06-09,North,Jaipur,Clothing,T-Shirt,10,29250,30,204750.0,181606.68,23143.32,UPI,48,Male,4.7
O0097,C1151,2025-02-22,West,Mumbai,Furniture,Sofa,9,47483,10,384612.3,291568.85,93043.45,Cash,60,Male,4.6
O0098,C1097,2025-08-23,West,Mumbai,Sports,Football,9,19244,5,164536.2,143897.11,20639.09,Card,47,Male,3.2
O0099,C1175,2025-05-31,South,Visakhapatnam,Sports,Football,2,20940,25,31410.0,25125.98,6284.02,UPI,19,Male,3.5
O0100,C1075,2025-05-25,East,Kolkata,Clothing,Jeans,1,12127,0,12127.0,9712.14,2414.86,UPI,61,Male,4.7
O0101,C1154,2025-09-17,North,Jaipur,Electronics,Headphones,7,29090,10,183267.0,115026.8,68240.2,Card,65,Male,4.3
O0102,C1110,2025-01-07,South,Chennai,Furniture,Table,1,16762,10,15085.8,10704.62,4381.18,Cash,24,Female,4.9
O0103,C1099,2025-01-05,North,Delhi,Sports,Cricket Bat,3,5136,10,13867.2,8761.1,5106.1,Card,45,Female,4.3
O0104,C1071,2025-12-15,East,Kolkata,Electronics,Mobile,6,17189,25,77350.5,63288.66,14061.84,UPI,53,Female,4.2
O0105,C1027,2025-11-26,South,Hyderabad,Grocery,Oil,8,34066,30,190769.6,122806.86,67962.74,Cash,20,Female,3.4
O0106,C1077,2025-06-19,West,Mumbai,Clothing,Jeans,4,29011,5,110241.8,88410.35,21831.45,Cash,41,Male,3.1
O0107,C1044,2025-05-13,South,Hyderabad,Clothing,Shoes,5,5188,30,18158.0,15826.61,2331.39,Card,30,Male,4.1
O0108,C1070,2025-10-21,East,Bhubaneswar,Sports,Yoga Mat,10,23003,30,161021.0,127526.79,33494.21,UPI,65,Male,3.4
O0109,C1196,2025-11-15,East,Kolkata,Electronics,Headphones,8,29604,25,177624.0,137673.9,39950.1,UPI,39,Male,4.3
O0110,C1006,2025-06-01,East,Bhubaneswar,Grocery,Sugar,9,294,20,2116.8,1712.65,404.15,Cash,40,Female,3.8
O0111,C1175,2025-11-05,West,Mumbai,Grocery,Oil,10,46976,30,328832.0,215126.62,113705.38,UPI,19,Male,4.2
O0112,C1094,2025-02-04,East,Bhubaneswar,Clothing,Shoes,9,39200,0,352800.0,227776.73,125023.27,UPI,55,Male,3.2
O0113,C1096,2025-02-17,East,Bhubaneswar,Grocery,Sugar,10,15473,20,123784.0,97580.34,26203.66,Cash,56,Female,4.2
O0114,C1016,2025-12-10,East,Bhubaneswar,Sports,Cricket Bat,9,39491,5,337648.05,269226.82,68421.23,Card,56,Female,4.3
O0115,C1182,2025-11-25,South,Chennai,Sports,Dumbbells,10,37645,25,282337.5,203149.06,79188.44,UPI,41,Female,3.1
O0116,C1142,2025-10-09,East,Bhubaneswar,Electronics,Headphones,2,44330,5,84227.0,74958.67,9268.33,Card,23,Female,4.6
O0117,C1005,2025-02-03,East,Bhubaneswar,Clothing,T-Shirt,5,27395,10,123277.5,93941.24,29336.26,Cash,31,Female,4.8
O0118,C1057,2025-06-11,South,Chennai,Furniture,Cupboard,4,35526,25,106578.0,67623.79,38954.21,Card,24,Male,3.5
O0119,C1190,2025-04-11,North,Delhi,Clothing,Jeans,2,26209,0,52418.0,35267.4,17150.6,Cash,58,Female,4.6
O0120,C1032,2025-10-30,West,Pune,Clothing,T-Shirt,2,5537,5,10520.3,7775.77,2744.53,UPI,22,Male,3.7
O0121,C1197,2025-08-09,West,Pune,Electronics,Mobile,6,48808,25,219636.0,196126.3,23509.7,Cash,37,Female,3.2
O0122,C1174,2025-01-22,West,Pune,Clothing,Jacket,5,46179,10,207805.5,174814.7,32990.8,UPI,42,Female,4.5
O0123,C1144,2025-12-11,South,Hyderabad,Sports,Cricket Bat,1,1013,25,759.75,578.63,181.12,Cash,46,Male,4.9
O0124,C1157,2025-11-22,West,Pune,Furniture,Sofa,4,9762,30,27333.6,22120.75,5212.85,Cash,18,Female,3.9
O0125,C1150,2025-08-11,South,Visakhapatnam,Electronics,Smart Watch,2,46956,15,79825.2,67423.68,12401.52,Cash,51,Female,4.4
O0126,C1156,2025-02-06,South,Visakhapatnam,Clothing,Jeans,3,26806,30,56292.6,40099.61,16192.99,UPI,46,Male,4.2
O0127,C1041,2025-10-08,West,Pune,Sports,Dumbbells,8,16196,25,97176.0,84883.0,12293.0,Card,59,Female,4.9
O0128,C1197,2025-06-28,East,Kolkata,Clothing,T-Shirt,8,5434,0,43472.0,38200.66,5271.34,Cash,38,Male,3.5
O0129,C1013,2025-10-28,East,Kolkata,Clothing,Shoes,3,24225,5,69041.25,60121.69,8919.56,UPI,47,Male,4.5
O0130,C1085,2025-09-20,East,Bhubaneswar,Grocery,Milk,3,31335,25,70503.75,57092.15,13411.6,UPI,51,Female,3.7
O0131,C1086,2025-06-15,West,Pune,Grocery,Milk,9,20932,0,188388.0,121043.1,67344.9,Cash,45,Female,3.5
O0132,C1172,2025-10-02,North,Delhi,Sports,Yoga Mat,1,23040,15,19584.0,15100.85,4483.15,Cash,64,Female,3.8
O0133,C1004,2025-03-05,North,Delhi,Electronics,Smart Watch,8,35406,30,198273.6,171749.71,26523.89,UPI,34,Female,4.1
O0134,C1180,2025-10-20,South,Hyderabad,Clothing,Shoes,3,22066,30,46338.6,33775.24,12563.36,UPI,30,Female,3.2
O0135,C1048,2025-06-20,West,Pune,Furniture,Table,5,37844,5,179759.0,121731.89,58027.11,Card,56,Female,3.7
O0136,C1190,2025-03-16,West,Pune,Furniture,Sofa,6,45136,10,243734.4,171534.09,72200.31,Cash,63,Male,3.8
O0137,C1173,2025-03-26,North,Jaipur,Electronics,Mobile,7,45048,20,252268.8,221134.7,31134.1,UPI,33,Female,3.5
O0138,C1150,2025-07-21,North,Delhi,Electronics,Headphones,4,25259,15,85880.6,66460.02,19420.58,Card,54,Male,3.4
O0139,C1180,2025-02-09,South,Chennai,Electronics,Laptop,9,38281,10,310076.1,273451.54,36624.56,Card,54,Female,3.7
O0140,C1062,2025-12-21,East,Kolkata,Electronics,Laptop,1,29396,5,27926.2,19671.98,8254.22,Cash,18,Female,3.9
O0141,C1170,2025-12-05,East,Kolkata,Sports,Dumbbells,9,16401,30,103326.3,67703.6,35622.7,UPI,19,Female,4.4
O0142,C1104,2025-12-25,North,Jaipur,Clothing,Jeans,7,1303,10,8208.9,6499.45,1709.45,Cash,62,Male,3.9
O0143,C1144,2025-12-19,East,Bhubaneswar,Clothing,Jeans,10,42414,25,318105.0,255444.25,62660.75,UPI,27,Male,3.7
O0144,C1068,2025-04-03,East,Kolkata,Clothing,Jacket,9,33198,10,268903.8,226343.33,42560.47,UPI,24,Male,4.5
O0145,C1168,2025-08-20,South,Hyderabad,Grocery,Rice,2,24849,20,39758.4,30631.14,9127.26,Card,30,Female,4.6
O0146,C1032,2025-01-17,East,Kolkata,Grocery,Rice,4,24513,30,68636.4,59954.13,8682.27,Card,42,Male,4.2
O0147,C1149,2025-02-10,West,Pune,Sports,Dumbbells,5,13271,5,63037.25,49533.85,13503.4,Cash,32,Female,4.9
O0148,C1151,2025-06-30,North,Delhi,Grocery,Oil,3,36609,15,93352.95,71616.58,21736.37,UPI,55,Female,4.4
O0149,C1073,2025-06-05,East,Kolkata,Grocery,Milk,5,3522,5,16729.5,10722.18,6007.32,Card,45,Female,3.3
O0150,C1142,2025-12-21,West,Pune,Sports,Yoga Mat,1,40073,10,36065.7,28977.16,7088.54,Cash,44,Male,4.4
O0151,C1106,2025-09-11,North,Delhi,Sports,Cricket Bat,7,45972,10,289623.6,181911.15,107712.45,Card,57,Male,4.8
O0152,C1001,2025-11-29,East,Bhubaneswar,Clothing,Shoes,7,18823,5,125172.95,104555.06,20617.89,UPI,46,Male,4.8
O0153,C1180,2025-02-19,North,Delhi,Sports,Yoga Mat,9,30054,15,229913.1,164227.37,65685.73,Cash,58,Female,3.5
O0154,C1029,2025-06-29,West,Pune,Electronics,Headphones,5,4347,30,15214.5,9470.11,5744.39,Cash,52,Female,4.1
O0155,C1084,2025-02-20,South,Chennai,Sports,Dumbbells,2,31452,25,47178.0,35481.79,11696.21,Cash,24,Female,4.3
O0156,C1010,2025-05-21,South,Hyderabad,Grocery,Rice,9,46105,20,331956.0,233977.55,97978.45,Card,35,Male,4.2
O0157,C1151,2025-02-09,North,Jaipur,Sports,Yoga Mat,8,44323,10,319125.6,260717.83,58407.77,Cash,21,Female,3.2
O0158,C1163,2025-07-06,North,Jaipur,Furniture,Cupboard,2,49910,5,94829.0,59818.49,35010.51,Card,22,Female,4.8
O0159,C1133,2025-05-01,South,Chennai,Clothing,Shoes,6,14101,15,71915.1,47898.04,24017.06,Cash,46,Male,5.0
O0160,C1007,2025-11-11,North,Jaipur,Sports,Yoga Mat,8,21543,20,137875.2,113952.64,23922.56,Card,24,Male,3.1
O0161,C1067,2025-11-03,East,Kolkata,Clothing,Jeans,4,16138,20,51641.6,42621.51,9020.09,Cash,49,Male,4.4
O0162,C1001,2025-06-04,South,Chennai,Grocery,Sugar,3,48637,15,124024.35,78862.17,45162.18,Cash,50,Female,3.6
O0163,C1101,2025-02-07,North,Jaipur,Electronics,Laptop,9,28183,15,215599.95,175642.91,39957.04,UPI,43,Male,3.3
O0164,C1056,2025-02-02,East,Bhubaneswar,Furniture,Cupboard,9,7217,5,61705.35,51013.04,10692.31,Card,41,Male,4.1
O0165,C1047,2025-07-10,South,Visakhapatnam,Grocery,Oil,7,19649,20,110034.4,71324.57,38709.83,Cash,49,Male,3.6
O0166,C1033,2025-05-10,West,Pune,Sports,Football,10,41148,0,411480.0,312477.92,99002.08,UPI,40,Male,4.6
O0167,C1082,2025-07-16,East,Bhubaneswar,Furniture,Cupboard,6,47225,5,269182.5,224758.04,44424.46,Card,23,Male,4.7
O0168,C1111,2025-06-08,South,Visakhapatnam,Grocery,Oil,7,2918,10,18383.4,15991.34,2392.06,UPI,53,Male,3.2
O0169,C1004,2025-02-24,South,Bangalore,Grocery,Rice,6,34491,25,155209.5,100413.44,54796.06,Cash,53,Female,4.2
O0170,C1151,2025-09-03,North,Jaipur,Furniture,Table,10,31599,15,268591.5,185090.58,83500.92,Card,48,Male,4.1
O0171,C1169,2025-12-22,South,Visakhapatnam,Grocery,Milk,5,11242,20,44968.0,27498.39,17469.61,UPI,40,Male,3.6
O0172,C1096,2025-12-23,North,Delhi,Sports,Yoga Mat,6,44002,0,264012.0,203135.88,60876.12,UPI,40,Male,4.1
O0173,C1190,2025-12-31,South,Hyderabad,Sports,Football,6,44838,15,228673.8,147024.17,81649.63,Card,58,Male,4.2
O0174,C1053,2025-01-22,East,Bhubaneswar,Clothing,Jacket,6,31345,30,131649.0,95992.73,35656.27,UPI,35,Female,3.1
O0175,C1022,2025-11-11,North,Jaipur,Grocery,Rice,10,29774,10,267966.0,219909.13,48056.87,UPI,33,Male,4.0
O0176,C1153,2025-08-13,North,Delhi,Furniture,Table,9,29830,15,228199.5,150257.09,77942.41,UPI,49,Male,5.0
O0177,C1184,2025-03-12,West,Pune,Clothing,Shoes,4,36897,25,110691.0,79622.22,31068.78,Card,20,Male,4.5
O0178,C1143,2025-09-06,North,Jaipur,Clothing,Shoes,8,8458,0,67664.0,43243.78,24420.22,UPI,36,Female,3.4
O0179,C1066,2025-08-06,South,Hyderabad,Electronics,Laptop,5,20940,30,73290.0,62046.86,11243.14,Cash,20,Male,4.8
O0180,C1007,2025-03-26,West,Pune,Clothing,Jacket,8,47713,30,267192.8,223153.8,44039.0,UPI,28,Female,4.6
O0181,C1066,2025-04-09,West,Pune,Sports,Yoga Mat,3,25479,20,61149.6,53698.95,7450.65,Cash,65,Male,4.1
O0182,C1041,2025-05-26,East,Bhubaneswar,Electronics,Smart Watch,4,17891,5,67985.8,51342.31,16643.49,Cash,38,Female,4.8
O0183,C1052,2025-04-20,South,Bangalore,Furniture,Table,3,10551,30,22157.1,18394.16,3762.94,Cash,19,Female,4.0
O0184,C1010,2025-02-26,South,Chennai,Sports,Dumbbells,5,12259,25,45971.25,37066.35,8904.9,UPI,50,Male,4.3
O0185,C1021,2025-05-18,South,Bangalore,Sports,Football,8,24505,25,147030.0,97695.87,49334.13,Card,41,Female,3.8
O0186,C1114,2025-12-04,West,Pune,Sports,Football,5,14647,5,69573.25,48959.06,20614.19,Cash,54,Female,4.2
O0187,C1052,2025-02-11,South,Visakhapatnam,Sports,Dumbbells,1,7356,10,6620.4,5654.27,966.13,Cash,45,Female,4.3
O0188,C1160,2025-12-02,South,Visakhapatnam,Sports,Football,5,15078,30,52773.0,45231.14,7541.86,Cash,34,Male,4.9
O0189,C1024,2025-05-03,West,Pune,Grocery,Oil,1,38116,10,34304.4,21889.65,12414.75,Cash,50,Female,4.5
O0190,C1109,2025-06-01,East,Bhubaneswar,Sports,Dumbbells,4,28245,15,96033.0,82266.47,13766.53,Cash,44,Male,4.7
O0191,C1117,2025-04-13,North,Delhi,Sports,Cricket Bat,3,6808,25,15318.0,11519.43,3798.57,Card,59,Female,4.7
O0192,C1022,2025-07-20,East,Kolkata,Electronics,Headphones,10,46257,15,393184.5,323932.45,69252.05,Card,21,Male,3.6
O0193,C1129,2025-03-11,East,Bhubaneswar,Furniture,Cupboard,2,19533,10,35159.4,23219.18,11940.22,UPI,61,Male,3.5
O0194,C1053,2025-09-24,South,Hyderabad,Grocery,Rice,8,14145,0,113160.0,80694.66,32465.34,Cash,48,Female,3.7
O0195,C1116,2025-10-07,South,Bangalore,Sports,Dumbbells,9,42055,5,359570.25,270044.57,89525.68,UPI,36,Female,3.5
O0196,C1012,2025-10-17,East,Bhubaneswar,Furniture,Table,6,9526,25,42867.0,26336.65,16530.35,UPI,43,Male,4.2
O0197,C1052,2025-05-15,East,Kolkata,Grocery,Oil,9,42886,25,289480.5,207289.84,82190.66,UPI,63,Male,4.0
O0198,C1039,2025-05-26,West,Mumbai,Furniture,Cupboard,3,32207,25,72465.75,44676.27,27789.48,Card,22,Female,3.5
O0199,C1075,2025-01-14,South,Bangalore,Grocery,Rice,3,4212,10,11372.4,9265.95,2106.45,Card,52,Female,3.2
O0200,C1126,2025-03-31,West,Mumbai,Sports,Yoga Mat,4,45087,20,144278.4,112435.32,31843.08,Card,22,Male,4.7
O0201,C1072,2025-09-15,South,Hyderabad,Sports,Football,5,5770,5,27407.5,18941.48,8466.02,UPI,42,Female,3.8
O0202,C1036,2025-12-25,North,Jaipur,Clothing,T-Shirt,4,20182,25,60546.0,52630.41,7915.59,Cash,32,Female,4.0
O0203,C1064,2025-08-03,South,Visakhapatnam,Furniture,Table,5,46054,15,195729.5,174042.23,21687.27,Card,32,Female,4.6
O0204,C1079,2025-12-15,East,Bhubaneswar,Grocery,Oil,1,18337,10,16503.3,13724.41,2778.89,UPI,31,Female,3.3
O0205,C1167,2025-01-27,East,Bhubaneswar,Electronics,Laptop,9,3612,10,29257.2,20043.71,9213.49,Card,63,Female,4.1
O0206,C1009,2025-10-12,South,Chennai,Furniture,Cupboard,3,20355,30,42745.5,30474.88,12270.62,Card,62,Female,4.0
O0207,C1087,2025-04-03,South,Bangalore,Electronics,Laptop,6,39483,10,213208.2,141987.56,71220.64,UPI,65,Male,3.4
O0208,C1143,2025-10-04,West,Pune,Clothing,Jacket,6,22696,20,108940.8,73615.75,35325.05,Cash,26,Female,4.6
O0209,C1013,2025-01-05,South,Hyderabad,Electronics,Mobile,7,33154,15,197266.3,139275.88,57990.42,Cash,57,Male,4.0
O0210,C1178,2025-02-27,West,Pune,Electronics,Smart Watch,7,39136,15,232859.2,189881.31,42977.89,UPI,35,Male,4.9
O0211,C1133,2025-10-23,North,Delhi,Furniture,Sofa,1,6616,20,5292.8,4403.83,888.97,UPI,19,Male,4.7
O0212,C1163,2025-11-23,South,Visakhapatnam,Furniture,Chair,9,25142,30,158394.6,111960.65,46433.95,Cash,23,Male,5.0
O0213,C1066,2025-08-16,South,Visakhapatnam,Clothing,Shoes,7,10305,15,61314.75,53257.81,8056.94,UPI,19,Female,3.5
O0214,C1015,2025-12-09,South,Chennai,Sports,Yoga Mat,8,34008,10,244857.6,212818.1,32039.5,Cash,58,Male,3.3
O0215,C1162,2025-11-15,South,Bangalore,Electronics,Smart Watch,8,12762,30,71467.2,51648.15,19819.05,Card,48,Male,3.3
O0216,C1121,2025-04-26,West,Pune,Furniture,Chair,8,18800,0,150400.0,116919.42,33480.58,Card,30,Female,3.2
O0217,C1152,2025-01-08,South,Hyderabad,Clothing,T-Shirt,8,18421,25,110526.0,82507.18,28018.82,UPI,26,Male,3.6
O0218,C1013,2025-09-13,West,Mumbai,Furniture,Table,3,4812,10,12992.4,10715.18,2277.22,UPI,58,Female,3.0
O0219,C1088,2025-02-04,West,Pune,Sports,Dumbbells,9,20290,20,146088.0,98939.5,47148.5,UPI,53,Female,4.3
O0220,C1134,2025-11-28,West,Mumbai,Grocery,Rice,5,36112,0,180560.0,115617.75,64942.25,Cash,63,Female,3.1
O0221,C1019,2025-03-07,West,Pune,Sports,Cricket Bat,3,40069,15,102175.95,68142.0,34033.95,UPI,53,Female,4.9
O0222,C1146,2025-09-15,East,Kolkata,Electronics,Laptop,10,22059,5,209560.5,174979.42,34581.08,Cash,22,Male,3.9
O0223,C1004,2025-05-24,North,Delhi,Sports,Dumbbells,3,13798,5,39324.3,24387.88,14936.42,Cash,35,Female,3.6
O0224,C1108,2025-11-02,South,Bangalore,Sports,Cricket Bat,4,41509,10,149432.4,120485.86,28946.54,Cash,42,Male,3.9
O0225,C1152,2025-12-28,North,Delhi,Electronics,Headphones,6,32762,25,147429.0,127562.28,19866.72,Cash,30,Male,4.7
O0226,C1005,2025-02-01,West,Pune,Grocery,Rice,7,591,30,2895.9,1975.29,920.61,Card,55,Female,4.6
O0227,C1079,2025-12-28,East,Bhubaneswar,Clothing,Jacket,9,22453,20,161661.6,102138.47,59523.13,Card,63,Male,4.1
O0228,C1095,2025-01-15,East,Kolkata,Grocery,Oil,7,29142,5,193794.3,142236.73,51557.57,Card,20,Female,4.1
O0229,C1113,2025-12-24,North,Jaipur,Electronics,Smart Watch,7,15802,15,94021.9,76426.56,17595.34,Cash,59,Male,4.2
O0230,C1087,2025-06-30,West,Pune,Furniture,Table,5,18850,30,65975.0,53898.98,12076.02,Cash,55,Male,3.7
O0231,C1181,2025-02-02,West,Mumbai,Electronics,Headphones,4,17000,25,51000.0,32355.87,18644.13,Cash,63,Male,4.6
O0232,C1182,2025-09-23,West,Pune,Sports,Football,5,45153,5,214476.75,185542.17,28934.58,Cash,49,Female,3.8
O0233,C1067,2025-08-21,South,Visakhapatnam,Sports,Yoga Mat,4,23258,25,69774.0,48638.76,21135.24,Cash,61,Female,3.8
O0234,C1068,2025-08-08,South,Hyderabad,Furniture,Sofa,8,685,10,4932.0,3863.66,1068.34,Cash,53,Male,4.1
O0235,C1049,2025-02-10,North,Delhi,Furniture,Cupboard,9,33020,20,237744.0,173476.53,64267.47,UPI,64,Female,4.8
O0236,C1172,2025-08-16,East,Bhubaneswar,Clothing,Jacket,9,48422,25,326848.5,255695.98,71152.52,Card,25,Male,3.1
O0237,C1004,2025-05-16,North,Delhi,Electronics,Laptop,8,48666,20,311462.4,261548.92,49913.48,UPI,33,Female,4.3
O0238,C1189,2025-01-01,West,Pune,Furniture,Sofa,8,15041,15,102278.8,89617.7,12661.1,UPI,29,Male,4.8
O0239,C1186,2025-05-10,South,Hyderabad,Electronics,Smart Watch,10,43540,15,370090.0,231239.46,138850.54,Cash,44,Female,4.4
O0240,C1155,2025-10-05,North,Jaipur,Sports,Football,2,46151,0,92302.0,78358.22,13943.78,UPI,57,Female,4.9
O0241,C1075,2025-06-25,North,Jaipur,Grocery,Milk,9,42671,30,268827.3,232613.71,36213.59,Card,35,Female,4.1
O0242,C1018,2025-04-05,East,Kolkata,Electronics,Mobile,9,41961,15,321001.65,194660.24,126341.41,Cash,41,Male,3.2
O0243,C1197,2025-12-05,South,Visakhapatnam,Clothing,Jeans,8,21413,25,128478.0,101673.07,26804.93,UPI,51,Male,5.0
O0244,C1133,2025-04-07,North,Delhi,Grocery,Milk,8,44893,5,341186.8,268439.2,72747.6,Card,34,Male,3.2
O0245,C1032,2025-07-09,East,Bhubaneswar,Clothing,Shoes,3,49235,0,147705.0,113750.75,33954.25,Card,33,Female,4.7
O0246,C1082,2025-09-14,East,Kolkata,Furniture,Table,4,32086,10,115509.6,86173.5,29336.1,Card,41,Male,3.4
O0247,C1002,2025-01-30,West,Mumbai,Furniture,Cupboard,1,8234,20,6587.2,4484.42,2102.78,Cash,31,Female,3.5
O0248,C1151,2025-01-14,North,Delhi,Electronics,Headphones,9,29308,25,197829.0,150471.02,47357.98,UPI,20,Male,4.9
O0249,C1114,2025-05-31,North,Jaipur,Clothing,T-Shirt,8,4715,25,28290.0,20943.44,7346.56,Cash,55,Female,4.7
O0250,C1086,2025-08-04,North,Jaipur,Furniture,Sofa,5,5857,20,23428.0,14419.76,9008.24,Card,48,Male,4.0
O0251,C1035,2025-09-30,West,Pune,Electronics,Smart Watch,4,6707,10,24145.2,20710.75,3434.45,UPI,22,Male,3.6
O0252,C1149,2025-07-31,North,Delhi,Furniture,Sofa,6,11969,10,64632.6,56662.96,7969.64,Cash,20,Female,4.8
O0253,C1188,2025-09-16,North,Delhi,Electronics,Headphones,3,19954,25,44896.5,29922.72,14973.78,Cash,25,Female,3.7
O0254,C1190,2025-02-04,South,Bangalore,Grocery,Sugar,10,9243,30,64701.0,46949.15,17751.85,Card,65,Female,3.5
O0255,C1040,2025-08-14,South,Visakhapatnam,Sports,Football,6,23127,25,104071.5,67548.09,36523.41,Cash,37,Female,3.9
O0256,C1015,2025-11-04,North,Delhi,Electronics,Headphones,4,39133,20,125225.6,101197.51,24028.09,UPI,37,Male,4.0
O0257,C1163,2025-12-02,South,Bangalore,Electronics,Laptop,6,17488,10,94435.2,75561.79,18873.41,UPI,42,Male,3.4
O0258,C1085,2025-01-28,North,Jaipur,Electronics,Smart Watch,9,48618,20,350049.6,307780.02,42269.58,Cash,51,Female,4.5
O0259,C1039,2025-04-21,South,Chennai,Sports,Cricket Bat,6,47778,30,200667.6,175964.35,24703.25,Card,40,Female,3.3
O0260,C1007,2025-06-06,East,Kolkata,Electronics,Laptop,8,38399,15,261113.2,208844.31,52268.89,Cash,50,Male,4.1
O0261,C1050,2025-07-23,East,Bhubaneswar,Grocery,Oil,10,49632,0,496320.0,363058.03,133261.97,Cash,40,Male,4.7
O0262,C1005,2025-03-12,North,Jaipur,Grocery,Milk,1,26602,5,25271.9,18298.04,6973.86,UPI,46,Female,4.8
O0263,C1047,2025-11-06,North,Jaipur,Grocery,Milk,6,33898,10,183049.2,136842.95,46206.25,UPI,24,Male,3.1
O0264,C1097,2025-10-12,East,Bhubaneswar,Electronics,Smart Watch,3,37112,5,105769.2,72582.31,33186.89,UPI,31,Female,4.7
O0265,C1184,2025-06-26,South,Chennai,Clothing,T-Shirt,8,49937,20,319596.8,252255.46,67341.34,Cash,40,Female,3.4
O0266,C1118,2025-03-01,North,Delhi,Furniture,Cupboard,2,15733,15,26746.1,19648.81,7097.29,Card,58,Female,4.0
O0267,C1109,2025-11-02,South,Visakhapatnam,Grocery,Sugar,4,3470,25,10410.0,8592.7,1817.3,Cash,22,Female,4.3
O0268,C1189,2025-03-12,South,Hyderabad,Grocery,Oil,7,30465,30,149278.5,117689.12,31589.38,UPI,21,Male,4.0
O0269,C1135,2025-07-27,North,Delhi,Clothing,Shoes,3,26032,15,66381.6,41290.86,25090.74,UPI,42,Male,3.8
O0270,C1127,2025-12-26,South,Chennai,Furniture,Table,2,16995,20,27192.0,17939.94,9252.06,Cash,32,Female,4.9
O0271,C1077,2025-10-06,East,Bhubaneswar,Electronics,Headphones,7,22407,20,125479.2,95847.94,29631.26,Cash,48,Female,3.3
O0272,C1200,2025-08-07,East,Bhubaneswar,Grocery,Sugar,2,16769,10,30184.2,19673.09,10511.11,Card,37,Male,3.6
O0273,C1125,2025-11-12,West,Pune,Grocery,Oil,8,31711,15,215634.8,152730.98,62903.82,Card,60,Female,3.8
O0274,C1194,2025-11-21,East,Kolkata,Clothing,T-Shirt,8,42969,10,309376.8,208275.94,101100.86,Cash,55,Female,3.2
O0275,C1003,2025-06-21,South,Visakhapatnam,Sports,Yoga Mat,4,30074,30,84207.2,57239.67,26967.53,UPI,42,Male,4.4
O0276,C1137,2025-01-04,West,Pune,Clothing,Jeans,5,19246,10,86607.0,64266.14,22340.86,Cash,64,Male,4.4
O0277,C1155,2025-02-26,East,Kolkata,Clothing,Jeans,2,35434,10,63781.2,39027.85,24753.35,Card,50,Female,3.5
O0278,C1150,2025-09-16,West,Pune,Clothing,Jacket,6,27855,30,116991.0,102681.69,14309.31,UPI,44,Male,3.7
O0279,C1103,2025-07-08,East,Kolkata,Sports,Yoga Mat,8,33265,25,199590.0,132117.63,67472.37,Card,49,Male,3.2
O0280,C1167,2025-12-09,North,Delhi,Clothing,Jeans,3,35933,25,80849.25,66889.26,13959.99,Card,35,Male,3.6
O0281,C1157,2025-05-05,North,Delhi,Furniture,Cupboard,6,31532,20,151353.6,119903.59,31450.01,Card,28,Male,3.4
O0282,C1009,2025-09-13,West,Mumbai,Grocery,Milk,5,26853,20,107412.0,73908.44,33503.56,Cash,62,Male,3.1
O0283,C1003,2025-11-15,North,Delhi,Furniture,Table,7,34656,30,169814.4,150927.25,18887.15,Card,65,Male,4.3
O0284,C1001,2025-07-03,South,Chennai,Sports,Cricket Bat,7,2988,0,20916.0,17589.09,3326.91,Card,22,Female,4.5
O0285,C1125,2025-03-23,North,Delhi,Furniture,Chair,9,40779,0,367011.0,318866.46,48144.54,Cash,30,Male,3.1
O0286,C1182,2025-11-26,South,Bangalore,Clothing,T-Shirt,1,43310,30,30317.0,27257.74,3059.26,Cash,63,Female,3.1
O0287,C1072,2025-06-18,West,Mumbai,Electronics,Mobile,10,10844,0,108440.0,93258.19,15181.81,UPI,65,Female,4.3
O0288,C1120,2025-05-13,South,Bangalore,Sports,Dumbbells,2,3094,20,4950.4,3578.95,1371.45,Cash,31,Male,4.7
O0289,C1075,2025-10-03,South,Hyderabad,Grocery,Oil,8,27569,20,176441.6,109091.0,67350.6,UPI,29,Female,4.5
O0290,C1127,2025-02-24,South,Chennai,Furniture,Chair,1,16131,25,12098.25,9778.0,2320.25,UPI,58,Male,4.4
O0291,C1130,2025-05-14,South,Visakhapatnam,Furniture,Chair,4,34487,15,117255.8,97227.1,20028.7,Cash,28,Male,3.7
O0292,C1100,2025-08-08,North,Jaipur,Sports,Cricket Bat,2,8622,0,17244.0,11256.04,5987.96,Cash,40,Male,4.2
O0293,C1140,2025-03-16,East,Bhubaneswar,Grocery,Sugar,9,43274,30,272626.2,236375.84,36250.36,UPI,44,Female,5.0
O0294,C1010,2025-03-20,East,Bhubaneswar,Grocery,Oil,7,12359,0,86513.0,59022.11,27490.89,Card,39,Female,3.2
O0295,C1098,2025-05-27,North,Delhi,Clothing,Jacket,8,5429,10,39088.8,25867.84,13220.96,Cash,45,Female,4.0
O0296,C1034,2025-07-05,South,Bangalore,Grocery,Milk,4,43359,15,147420.6,88950.19,58470.41,Cash,65,Female,4.6
O0297,C1139,2025-11-27,North,Jaipur,Furniture,Chair,5,26090,15,110882.5,89528.96,21353.54,Cash,57,Male,4.4
O0298,C1058,2025-01-31,East,Bhubaneswar,Sports,Football,6,46506,5,265084.2,159065.11,106019.09,Card,32,Female,4.0
O0299,C1038,2025-11-20,North,Jaipur,Clothing,Jeans,6,30242,5,172379.4,128355.4,44024.0,Card,18,Female,3.0
O0300,C1103,2025-03-06,West,Pune,Grocery,Oil,10,29455,20,235640.0,191625.64,44014.36,Card,18,Female,3.6
O0301,C1054,2025-12-18,South,Visakhapatnam,Clothing,Jacket,3,27575,15,70316.25,49954.61,20361.64,UPI,54,Male,3.4
O0302,C1111,2025-09-01,East,Kolkata,Clothing,Jeans,7,10588,5,70410.2,47008.33,23401.87,UPI,65,Female,4.2
O0303,C1195,2025-04-20,East,Kolkata,Grocery,Oil,1,38168,0,38168.0,32493.56,5674.44,Card,42,Male,3.1
O0304,C1149,2025-11-05,South,Chennai,Sports,Cricket Bat,9,46702,30,294222.6,206907.23,87315.37,Cash,63,Female,4.5
O0305,C1038,2025-07-07,North,Delhi,Furniture,Table,2,27256,15,46335.2,34481.88,11853.32,Cash,52,Female,3.4
O0306,C1095,2025-05-22,North,Delhi,Clothing,T-Shirt,5,19224,5,91314.0,79419.58,11894.42,Cash,52,Female,4.6
O0307,C1150,2025-11-04,North,Jaipur,Clothing,Shoes,2,15979,20,25566.4,18473.36,7093.04,Card,54,Male,4.1
O0308,C1100,2025-11-25,South,Chennai,Furniture,Sofa,10,5638,30,39466.0,26950.52,12515.48,Cash,65,Male,4.5
O0309,C1081,2025-05-25,North,Jaipur,Grocery,Rice,5,38130,20,152520.0,112107.69,40412.31,UPI,19,Male,3.6
O0310,C1049,2025-01-30,North,Jaipur,Electronics,Laptop,6,46590,0,279540.0,182747.58,96792.42,UPI,57,Female,4.6
O0311,C1086,2025-10-30,South,Bangalore,Clothing,Jeans,2,5211,20,8337.6,6708.24,1629.36,Cash,25,Male,3.3
O0312,C1072,2025-11-18,South,Bangalore,Electronics,Headphones,3,21369,25,48080.25,41880.91,6199.34,UPI,34,Female,4.6
O0313,C1177,2025-01-15,West,Mumbai,Electronics,Headphones,10,41468,20,331744.0,233464.07,98279.93,Cash,35,Female,4.5
O0314,C1198,2025-07-15,West,Pune,Furniture,Cupboard,7,47240,0,330680.0,254875.1,75804.9,Cash,46,Male,3.4
O0315,C1022,2025-12-24,West,Pune,Grocery,Sugar,3,39082,20,93796.8,70638.64,23158.16,UPI,59,Female,3.3
O0316,C1072,2025-07-30,West,Mumbai,Electronics,Smart Watch,6,34972,0,209832.0,187136.72,22695.28,Cash,52,Male,4.3
O0317,C1086,2025-04-13,West,Pune,Electronics,Mobile,8,3196,5,24289.6,20195.46,4094.14,Cash,57,Female,3.8
O0318,C1130,2025-08-21,East,Kolkata,Electronics,Smart Watch,1,22165,5,21056.75,13370.31,7686.44,UPI,49,Female,3.2
O0319,C1069,2025-08-23,North,Jaipur,Sports,Cricket Bat,1,33046,20,26436.8,16669.72,9767.08,Card,42,Female,3.6
O0320,C1037,2025-01-05,East,Kolkata,Furniture,Chair,4,20750,0,83000.0,61775.55,21224.45,Cash,31,Female,3.6
O0321,C1011,2025-02-24,East,Kolkata,Clothing,Jacket,9,2218,30,13973.4,11310.71,2662.69,UPI,58,Male,3.8
O0322,C1104,2025-10-14,East,Bhubaneswar,Clothing,Jacket,3,33138,15,84501.9,51235.25,33266.65,Card,29,Female,3.1
O0323,C1111,2025-01-15,West,Pune,Electronics,Mobile,1,7457,20,5965.6,3976.6,1989.0,Card,24,Female,4.7
O0324,C1160,2025-08-30,West,Pune,Sports,Dumbbells,4,37294,15,126799.6,96733.57,30066.03,UPI,20,Male,3.6
O0325,C1004,2025-06-07,North,Jaipur,Sports,Football,10,10395,15,88357.5,54336.2,34021.3,Card,38,Male,4.8
O0326,C1112,2025-10-06,East,Kolkata,Grocery,Milk,8,45234,10,325684.8,271644.15,54040.65,UPI,46,Male,4.0
O0327,C1143,2025-02-15,South,Chennai,Sports,Dumbbells,6,2808,30,11793.6,10060.83,1732.77,Cash,25,Male,4.6
O0328,C1070,2025-05-24,West,Pune,Grocery,Sugar,4,42508,30,119022.4,85319.28,33703.12,Cash,44,Female,4.0
O0329,C1192,2025-04-08,South,Chennai,Grocery,Sugar,3,7103,15,18112.65,14314.98,3797.67,Cash,59,Male,4.0
O0330,C1187,2025-04-04,West,Pune,Electronics,Smart Watch,9,45390,15,347233.5,219217.98,128015.52,Cash,61,Male,5.0
O0331,C1140,2025-01-19,East,Bhubaneswar,Clothing,Shoes,4,36085,10,129906.0,83234.35,46671.65,Card,51,Male,4.4
O0332,C1103,2025-11-03,South,Chennai,Furniture,Sofa,4,30510,10,109836.0,66422.41,43413.59,UPI,44,Male,3.1
O0333,C1107,2025-09-30,East,Bhubaneswar,Electronics,Laptop,2,10352,5,19668.8,13105.87,6562.93,Cash,63,Male,3.8
O0334,C1091,2025-11-07,North,Jaipur,Electronics,Mobile,10,49990,20,399920.0,341961.97,57958.03,UPI,23,Male,3.1
O0335,C1190,2025-06-03,South,Bangalore,Electronics,Mobile,3,9788,0,29364.0,23136.18,6227.82,Cash,51,Male,3.3
O0336,C1076,2025-09-25,South,Visakhapatnam,Clothing,Shoes,10,20192,0,201920.0,140564.94,61355.06,Cash,65,Male,4.3
O0337,C1190,2025-05-03,West,Mumbai,Furniture,Table,10,43979,15,373821.5,315337.71,58483.79,UPI,49,Male,3.9
O0338,C1019,2025-05-03,North,Jaipur,Furniture,Chair,8,29363,5,223158.8,184438.86,38719.94,UPI,46,Male,3.7
O0339,C1200,2025-07-19,West,Pune,Electronics,Smart Watch,8,16383,15,111404.4,73092.83,38311.57,Cash,52,Male,4.8
O0340,C1023,2025-12-19,South,Bangalore,Grocery,Rice,3,40686,25,91543.5,73048.43,18495.07,UPI,33,Male,4.0
O0341,C1131,2025-08-03,East,Bhubaneswar,Furniture,Cupboard,3,15766,0,47298.0,29420.06,17877.94,UPI,25,Female,3.2
O0342,C1138,2025-06-03,East,Kolkata,Clothing,Jeans,3,31067,5,88540.95,77466.07,11074.88,Cash,28,Male,4.9
O0343,C1049,2025-09-13,South,Hyderabad,Sports,Dumbbells,7,23280,0,162960.0,128550.3,34409.7,Cash,36,Female,3.3
O0344,C1021,2025-09-20,South,Bangalore,Clothing,Jeans,5,27882,25,104557.5,81952.82,22604.68,UPI,20,Female,3.8
O0345,C1073,2025-05-14,South,Bangalore,Sports,Cricket Bat,3,11804,15,30100.2,20267.64,9832.56,Cash,62,Female,3.7
O0346,C1134,2025-04-12,West,Pune,Furniture,Cupboard,5,44673,0,223365.0,176032.47,47332.53,Cash,24,Female,3.6
O0347,C1074,2025-09-01,West,Pune,Furniture,Chair,6,17053,15,86970.3,70054.71,16915.59,UPI,24,Female,4.8
O0348,C1157,2025-12-22,West,Mumbai,Electronics,Smart Watch,5,8773,10,39478.5,26338.4,13140.1,Cash,23,Female,3.5
O0349,C1107,2025-03-17,East,Kolkata,Clothing,T-Shirt,4,17485,30,48958.0,43523.81,5434.19,Card,44,Female,3.7
O0350,C1124,2025-06-21,South,Bangalore,Sports,Football,1,9830,30,6881.0,5892.06,988.94,UPI,52,Female,4.1
O0351,C1133,2025-03-19,West,Mumbai,Electronics,Mobile,7,761,5,5060.65,3853.08,1207.57,Card,43,Female,3.2
O0352,C1076,2025-05-29,South,Bangalore,Electronics,Laptop,4,4602,20,14726.4,9192.36,5534.04,UPI,65,Female,4.3
O0353,C1177,2025-08-19,West,Pune,Sports,Cricket Bat,8,11089,15,75405.2,64725.05,10680.15,Card,65,Female,3.3
O0354,C1029,2025-10-14,South,Hyderabad,Clothing,Jacket,1,24167,30,16916.9,12967.16,3949.74,Cash,43,Male,4.2
O0355,C1057,2025-08-07,West,Pune,Clothing,Jeans,9,42014,10,340313.4,301626.96,38686.44,Card,45,Male,4.9
O0356,C1050,2025-04-07,North,Delhi,Electronics,Laptop,3,46134,25,103801.5,66783.94,37017.56,UPI,42,Male,3.8
O0357,C1065,2025-08-23,East,Bhubaneswar,Grocery,Rice,4,49810,30,139468.0,86722.64,52745.36,UPI,27,Male,3.7
O0358,C1032,2025-01-20,South,Bangalore,Clothing,Jeans,7,33097,0,231679.0,200222.73,31456.27,UPI,41,Female,4.1
O0359,C1159,2025-03-27,South,Bangalore,Electronics,Smart Watch,8,28632,25,171792.0,136703.84,35088.16,UPI,57,Female,3.0
O0360,C1021,2025-07-17,North,Jaipur,Sports,Cricket Bat,4,23752,25,71256.0,51603.07,19652.93,Card,33,Female,3.3
O0361,C1175,2025-12-15,North,Delhi,Furniture,Sofa,8,18390,0,147120.0,126134.68,20985.32,Card,52,Male,4.6
O0362,C1182,2025-01-11,North,Jaipur,Grocery,Oil,5,28767,0,143835.0,87521.82,56313.18,Cash,37,Male,3.1
O0363,C1075,2025-01-01,North,Delhi,Furniture,Sofa,6,9870,25,44415.0,29740.99,14674.01,UPI,52,Female,4.2
O0364,C1037,2025-07-27,West,Mumbai,Sports,Cricket Bat,9,37861,0,340749.0,275795.42,64953.58,UPI,25,Male,3.4
O0365,C1120,2025-11-21,North,Delhi,Furniture,Cupboard,1,2244,10,2019.6,1671.97,347.63,Cash,46,Male,4.8
O0366,C1133,2025-09-28,South,Hyderabad,Electronics,Headphones,9,5139,20,37000.8,27856.37,9144.43,Card,39,Female,3.3
O0367,C1142,2025-10-04,South,Visakhapatnam,Sports,Yoga Mat,1,3753,5,3565.35,2955.14,610.21,UPI,36,Female,3.1
O0368,C1123,2025-04-02,East,Kolkata,Grocery,Sugar,6,19893,30,83550.6,72432.77,11117.83,UPI,65,Male,3.2
O0369,C1179,2025-09-29,North,Delhi,Furniture,Chair,8,1753,0,14024.0,11588.05,2435.95,UPI,65,Female,4.7
O0370,C1160,2025-05-30,East,Bhubaneswar,Sports,Yoga Mat,8,12826,30,71825.6,46605.09,25220.51,Card,27,Female,3.5
O0371,C1126,2025-09-03,East,Kolkata,Clothing,Jacket,8,8226,5,62517.6,45257.63,17259.97,Card,20,Female,4.8
O0372,C1077,2025-03-23,North,Delhi,Electronics,Headphones,3,26872,0,80616.0,55841.99,24774.01,Cash,26,Male,4.9
O0373,C1196,2025-05-13,South,Visakhapatnam,Furniture,Chair,6,34788,0,208728.0,139687.08,69040.92,UPI,23,Female,4.1
O0374,C1050,2025-01-29,East,Bhubaneswar,Grocery,Milk,9,34959,25,235973.25,177239.34,58733.91,Card,35,Male,4.5
O0375,C1084,2025-08-12,South,Visakhapatnam,Sports,Dumbbells,6,33489,30,140653.8,106368.99,34284.81,Card,21,Male,3.5
O0376,C1153,2025-03-13,South,Bangalore,Electronics,Laptop,10,12826,30,89782.0,64385.19,25396.81,UPI,33,Male,5.0
O0377,C1104,2025-06-25,West,Pune,Furniture,Table,6,13992,25,62964.0,41235.84,21728.16,Card,50,Female,3.1
O0378,C1036,2025-05-09,East,Kolkata,Grocery,Milk,4,5459,20,17468.8,13563.86,3904.94,Cash,60,Female,4.7
O0379,C1185,2025-08-12,North,Delhi,Furniture,Cupboard,10,6180,15,52530.0,41930.51,10599.49,UPI,57,Male,3.1
O0380,C1157,2025-05-30,North,Jaipur,Sports,Dumbbells,4,5993,5,22773.4,18005.48,4767.92,Cash,35,Male,3.8
O0381,C1021,2025-05-24,West,Pune,Furniture,Sofa,10,30559,10,275031.0,209761.69,65269.31,Cash,20,Female,4.5
O0382,C1098,2025-01-14,West,Mumbai,Electronics,Smart Watch,2,18829,20,30126.4,25604.59,4521.81,UPI,45,Female,4.5
O0383,C1037,2025-10-19,East,Kolkata,Furniture,Chair,4,17366,15,59044.4,41384.53,17659.87,UPI,37,Male,5.0
O0384,C1026,2025-07-10,West,Pune,Sports,Cricket Bat,7,14825,10,93397.5,64289.03,29108.47,Card,22,Female,4.9
O0385,C1179,2025-08-04,North,Jaipur,Sports,Football,8,2483,20,15891.2,11648.74,4242.46,UPI,63,Female,3.1
O0386,C1179,2025-10-20,West,Pune,Electronics,Mobile,2,22977,0,45954.0,32369.83,13584.17,Cash,25,Female,4.7
O0387,C1123,2025-05-25,South,Chennai,Electronics,Smart Watch,9,32457,0,292113.0,214552.58,77560.42,Cash,51,Male,4.4
O0388,C1007,2025-06-10,South,Hyderabad,Clothing,T-Shirt,8,10148,0,81184.0,67274.94,13909.06,Cash,23,Female,4.9
O0389,C1039,2025-05-04,East,Kolkata,Clothing,Jacket,4,27850,30,77980.0,57849.83,20130.17,Cash,55,Male,4.4
O0390,C1177,2025-05-16,North,Delhi,Clothing,Jeans,7,28674,5,190682.1,141629.02,49053.08,Cash,51,Female,4.5
O0391,C1200,2025-07-16,South,Chennai,Electronics,Smart Watch,5,39593,25,148473.75,127945.27,20528.48,Card,28,Female,4.8
O0392,C1032,2025-10-25,West,Pune,Clothing,Jacket,9,43454,15,332423.1,277198.03,55225.07,Card,32,Female,3.8
O0393,C1104,2025-12-13,North,Jaipur,Electronics,Mobile,5,25383,30,88840.5,68637.01,20203.49,Card,41,Female,3.2
O0394,C1074,2025-11-04,South,Chennai,Furniture,Chair,10,36613,20,292904.0,225088.84,67815.16,Card,30,Female,4.1
O0395,C1031,2025-10-17,West,Mumbai,Electronics,Headphones,8,25393,25,152358.0,96288.3,56069.7,Card,45,Female,3.3
O0396,C1006,2025-12-16,West,Pune,Furniture,Sofa,6,27622,25,124299.0,98840.22,25458.78,Cash,18,Female,3.6
O0397,C1043,2025-01-24,North,Delhi,Sports,Dumbbells,1,21692,25,16269.0,10487.75,5781.25,Cash,64,Male,4.3
O0398,C1005,2025-10-29,South,Visakhapatnam,Clothing,Jacket,1,10897,5,10352.15,8805.28,1546.87,UPI,43,Female,4.4
O0399,C1043,2025-01-24,East,Kolkata,Sports,Cricket Bat,2,23736,20,37977.6,26684.08,11293.52,UPI,24,Female,5.0
O0400,C1038,2025-06-09,West,Pune,Grocery,Sugar,7,21946,5,145940.9,130874.21,15066.69,Cash,42,Male,4.6
O0401,C1146,2025-12-05,West,Pune,Furniture,Table,8,1805,15,12274.0,8445.27,3828.73,UPI,19,Male,3.3
O0402,C1153,2025-06-19,East,Bhubaneswar,Furniture,Chair,5,14135,30,49472.5,37714.06,11758.44,Cash,50,Female,3.9
O0403,C1174,2025-10-11,North,Jaipur,Electronics,Headphones,5,46749,5,222057.75,145988.98,76068.77,Cash,65,Female,4.9
O0404,C1143,2025-02-07,East,Bhubaneswar,Sports,Football,8,39218,15,266682.4,207568.01,59114.39,Cash,37,Female,3.2
O0405,C1140,2025-09-22,North,Jaipur,Grocery,Milk,3,34986,15,89214.3,65468.91,23745.39,UPI,60,Male,3.6
O0406,C1144,2025-11-03,North,Delhi,Furniture,Cupboard,9,44179,10,357849.9,229081.33,128768.57,Cash,22,Male,4.9
O0407,C1055,2025-12-31,East,Kolkata,Grocery,Oil,6,20915,10,112941.0,70763.92,42177.08,Card,43,Male,3.3
O0408,C1035,2025-06-04,North,Jaipur,Furniture,Sofa,7,29487,15,175447.65,131223.93,44223.72,UPI,26,Female,3.5
O0409,C1167,2025-10-21,East,Kolkata,Grocery,Oil,3,45515,5,129717.75,78093.45,51624.3,UPI,52,Female,4.2
O0410,C1165,2025-10-17,South,Hyderabad,Clothing,T-Shirt,3,13490,30,28329.0,22537.96,5791.04,Cash,41,Female,4.6
O0411,C1089,2025-12-20,West,Pune,Grocery,Rice,8,45858,0,366864.0,296510.38,70353.62,Cash,56,Male,3.2
O0412,C1114,2025-07-01,North,Jaipur,Sports,Dumbbells,3,39240,5,111834.0,74210.12,37623.88,UPI,18,Male,3.5
O0413,C1003,2025-12-19,East,Bhubaneswar,Grocery,Rice,6,9884,0,59304.0,47966.58,11337.42,Card,29,Female,3.8
O0414,C1110,2025-08-28,West,Pune,Electronics,Headphones,7,34309,15,204138.55,177719.73,26418.82,UPI,33,Male,4.6
O0415,C1031,2025-05-26,West,Pune,Sports,Dumbbells,9,6569,20,47296.8,39662.57,7634.23,Card,50,Female,4.2
O0416,C1116,2025-02-25,South,Hyderabad,Clothing,Jacket,7,38797,5,258000.05,165120.22,92879.83,Card,34,Female,3.6
O0417,C1156,2025-09-13,South,Visakhapatnam,Sports,Football,2,40961,30,57345.4,35703.5,21641.9,UPI,54,Male,3.1
O0418,C1007,2025-04-08,East,Kolkata,Sports,Cricket Bat,9,597,5,5104.35,4535.37,568.98,Card,19,Female,5.0
O0419,C1061,2025-03-11,North,Jaipur,Electronics,Headphones,7,46610,25,244702.5,172594.22,72108.28,Cash,38,Male,4.7
O0420,C1001,2025-12-05,East,Kolkata,Grocery,Sugar,9,15413,20,110973.6,80374.77,30598.83,UPI,45,Female,4.7
O0421,C1040,2025-01-03,West,Pune,Grocery,Rice,8,2537,5,19281.2,17226.58,2054.62,Cash,41,Male,3.0
O0422,C1075,2025-05-07,North,Delhi,Furniture,Table,1,2443,5,2320.85,1861.35,459.5,UPI,47,Male,3.1
O0423,C1098,2025-07-04,South,Chennai,Grocery,Oil,9,35897,0,323073.0,222474.28,100598.72,Card,45,Female,4.4
O0424,C1014,2025-05-21,South,Chennai,Clothing,Jacket,9,23804,15,182100.6,110640.7,71459.9,Card,33,Female,3.5
O0425,C1051,2025-06-27,East,Kolkata,Electronics,Smart Watch,2,22871,20,36593.6,28289.01,8304.59,Card,22,Female,4.2
O0426,C1153,2025-01-25,West,Mumbai,Electronics,Laptop,6,19435,20,93288.0,61541.44,31746.56,UPI,23,Male,4.2
O0427,C1038,2025-08-17,West,Pune,Clothing,Shoes,8,6906,25,41436.0,33846.11,7589.89,Card,24,Female,4.9
O0428,C1060,2025-09-13,West,Mumbai,Grocery,Sugar,3,30133,30,63279.3,53897.28,9382.02,Cash,50,Female,3.6
O0429,C1151,2025-10-31,North,Jaipur,Sports,Football,2,43396,20,69433.6,52840.61,16592.99,Card,18,Female,3.2
O0430,C1010,2025-01-11,North,Delhi,Electronics,Laptop,4,2716,15,9234.4,8101.32,1133.08,UPI,41,Female,4.0
O0431,C1111,2025-08-28,East,Bhubaneswar,Clothing,Jeans,9,11308,25,76329.0,59734.44,16594.56,UPI,20,Male,3.6
O0432,C1172,2025-05-21,East,Kolkata,Electronics,Laptop,10,19639,0,196390.0,129615.34,66774.66,UPI,29,Male,3.2
O0433,C1041,2025-12-28,West,Mumbai,Clothing,T-Shirt,6,43285,0,259710.0,191336.49,68373.51,Cash,40,Male,4.3
O0434,C1087,2025-07-16,West,Mumbai,Clothing,Jacket,10,19989,30,139923.0,98404.68,41518.32,Cash,46,Female,4.4
O0435,C1104,2025-04-09,East,Bhubaneswar,Sports,Dumbbells,3,3326,25,7483.5,4617.65,2865.85,Cash,46,Female,4.9
O0436,C1014,2025-08-15,North,Delhi,Clothing,T-Shirt,7,32757,10,206369.1,155364.43,51004.67,Card,52,Female,4.8
O0437,C1191,2025-02-15,East,Bhubaneswar,Grocery,Rice,9,45071,10,365075.1,262839.56,102235.54,Card,57,Female,4.5
O0438,C1129,2025-12-30,North,Jaipur,Electronics,Smart Watch,5,36913,0,184565.0,160520.21,24044.79,UPI,47,Male,4.8
O0439,C1144,2025-06-23,East,Kolkata,Furniture,Sofa,6,4560,10,24624.0,15729.92,8894.08,Card,41,Male,3.4
O0440,C1074,2025-07-24,East,Bhubaneswar,Grocery,Sugar,5,29662,5,140894.5,116963.84,23930.66,Cash,28,Female,4.2
O0441,C1098,2025-08-24,North,Delhi,Grocery,Sugar,4,21293,10,76654.8,57361.95,19292.85,UPI,38,Female,3.1
O0442,C1069,2025-11-30,North,Jaipur,Grocery,Oil,10,14016,10,126144.0,85823.2,40320.8,UPI,57,Male,3.5
O0443,C1014,2025-10-24,East,Kolkata,Sports,Football,6,7182,10,38782.8,34607.79,4175.01,UPI,35,Male,4.5
O0444,C1145,2025-10-30,North,Jaipur,Furniture,Table,7,45683,0,319781.0,287573.86,32207.14,Cash,22,Female,5.0
O0445,C1194,2025-01-06,West,Pune,Grocery,Milk,9,6268,25,42309.0,31352.15,10956.85,UPI,20,Male,3.0
O0446,C1057,2025-01-07,West,Pune,Grocery,Sugar,7,26533,20,148584.8,97151.11,51433.69,Cash,38,Male,3.5
O0447,C1033,2025-08-17,South,Hyderabad,Grocery,Rice,9,2790,15,21343.5,15868.39,5475.11,Card,58,Female,4.8
O0448,C1049,2025-01-24,West,Mumbai,Clothing,Jacket,9,35524,20,255772.8,173983.85,81788.95,Cash,31,Male,3.6
O0449,C1027,2025-01-01,South,Visakhapatnam,Furniture,Chair,3,18533,0,55599.0,34052.53,21546.47,Cash,40,Female,3.8
O0450,C1066,2025-04-30,South,Bangalore,Electronics,Headphones,2,34660,5,65854.0,49023.89,16830.11,UPI,53,Female,3.6
O0451,C1177,2025-05-11,West,Pune,Furniture,Table,8,45320,30,253792.0,154714.42,99077.58,Card,25,Female,4.7
O0452,C1137,2025-06-26,East,Kolkata,Grocery,Sugar,10,22037,20,176296.0,115091.22,61204.78,Card,64,Male,4.5
O0453,C1136,2025-03-26,East,Bhubaneswar,Electronics,Mobile,1,8345,10,7510.5,4985.49,2525.01,UPI,54,Male,3.3
O0454,C1109,2025-11-29,East,Bhubaneswar,Sports,Yoga Mat,2,40048,5,76091.2,61428.1,14663.1,Cash,41,Female,4.5
O0455,C1179,2025-08-15,West,Pune,Grocery,Milk,8,3739,0,29912.0,17992.3,11919.7,Cash,60,Male,4.2
O0456,C1062,2025-07-25,West,Pune,Clothing,Jacket,1,11318,30,7922.6,5814.81,2107.79,Card,22,Female,4.1
O0457,C1058,2025-11-18,South,Bangalore,Grocery,Oil,4,10601,30,29682.8,20132.56,9550.24,UPI,28,Female,4.5
O0458,C1160,2025-03-06,North,Delhi,Clothing,Jacket,5,42405,0,212025.0,164370.52,47654.48,Card,51,Male,4.5
O0459,C1162,2025-04-24,East,Bhubaneswar,Electronics,Laptop,9,43078,20,310161.6,278630.44,31531.16,Card,48,Male,4.8
O0460,C1035,2025-11-29,North,Delhi,Electronics,Headphones,5,42187,5,200388.25,127913.57,72474.68,Card,47,Female,4.2
O0461,C1035,2025-10-05,East,Bhubaneswar,Grocery,Rice,4,10337,15,35145.8,30323.94,4821.86,UPI,38,Female,3.2
O0462,C1050,2025-04-30,West,Mumbai,Electronics,Laptop,2,7196,15,12233.2,7459.35,4773.85,Cash,45,Female,4.4
O0463,C1027,2025-10-06,South,Chennai,Furniture,Chair,5,44597,20,178388.0,138424.73,39963.27,UPI,45,Male,4.5
O0464,C1135,2025-01-01,West,Pune,Electronics,Smart Watch,1,23162,5,22003.9,15175.03,6828.87,Cash,62,Female,3.8
O0465,C1099,2025-09-26,North,Jaipur,Grocery,Milk,1,6431,15,5466.35,3998.96,1467.39,Cash,53,Female,4.7
O0466,C1197,2025-07-08,East,Kolkata,Furniture,Chair,2,36910,20,59056.0,47960.42,11095.58,Cash,24,Male,4.2
O0467,C1103,2025-04-12,South,Bangalore,Grocery,Milk,4,45443,30,127240.4,77434.61,49805.79,Card,21,Male,3.2
O0468,C1053,2025-06-22,South,Chennai,Sports,Dumbbells,4,36682,25,110046.0,83797.99,26248.01,Cash,44,Male,4.3
O0469,C1101,2025-07-09,East,Kolkata,Furniture,Sofa,7,29883,15,177803.85,148975.17,28828.68,Card,30,Male,4.7
O0470,C1170,2025-05-14,West,Pune,Sports,Yoga Mat,5,31348,5,148903.0,116844.4,32058.6,Cash,36,Female,4.2
O0471,C1056,2025-07-12,East,Bhubaneswar,Sports,Cricket Bat,6,2720,5,15504.0,10591.82,4912.18,Cash,42,Male,4.8
O0472,C1043,2025-07-22,East,Kolkata,Electronics,Headphones,10,1178,25,8835.0,7379.65,1455.35,Cash,53,Female,3.9
O0473,C1133,2025-06-05,West,Mumbai,Grocery,Milk,5,23291,0,116455.0,101921.28,14533.72,Card,57,Male,3.3
O0474,C1132,2025-02-21,North,Jaipur,Electronics,Headphones,3,15522,20,37252.8,29180.78,8072.02,Card,25,Female,4.5
O0475,C1120,2025-06-14,North,Delhi,Electronics,Laptop,4,36598,20,117113.6,103534.87,13578.73,Card,55,Female,3.9
O0476,C1131,2025-08-11,West,Pune,Grocery,Oil,4,3061,25,9183.0,5723.63,3459.37,UPI,36,Male,3.8
O0477,C1177,2025-08-28,North,Delhi,Grocery,Rice,9,24237,15,185413.05,144232.85,41180.2,Cash,44,Male,3.5
O0478,C1046,2025-02-10,North,Jaipur,Grocery,Oil,4,25899,30,72517.2,53778.25,18738.95,UPI,38,Female,4.6
O0479,C1141,2025-10-05,North,Delhi,Sports,Yoga Mat,7,10080,10,63504.0,51415.97,12088.03,Card,54,Female,4.1
O0480,C1016,2025-03-03,East,Bhubaneswar,Sports,Yoga Mat,9,19715,10,159691.5,115634.13,44057.37,UPI,53,Male,3.5
O0481,C1005,2025-06-12,South,Visakhapatnam,Grocery,Milk,4,30247,30,84691.6,72963.43,11728.17,Cash,54,Female,3.0
O0482,C1003,2025-03-09,West,Mumbai,Furniture,Sofa,5,48058,20,192232.0,127040.24,65191.76,UPI,42,Male,4.3
O0483,C1050,2025-02-15,East,Bhubaneswar,Furniture,Sofa,8,11908,10,85737.6,69054.92,16682.68,Cash,45,Male,3.8
O0484,C1073,2025-12-06,West,Pune,Electronics,Mobile,5,963,10,4333.5,3561.94,771.56,Card,60,Male,3.9
O0485,C1063,2025-06-01,South,Chennai,Grocery,Oil,8,31529,25,189174.0,113568.32,75605.68,UPI,33,Male,3.5
O0486,C1156,2025-09-25,South,Bangalore,Furniture,Sofa,10,25751,20,206008.0,137750.13,68257.87,Card,52,Female,3.1
O0487,C1102,2025-08-12,South,Visakhapatnam,Sports,Yoga Mat,2,34704,10,62467.2,48520.35,13946.85,Card,29,Female,3.6
O0488,C1127,2025-01-20,East,Kolkata,Sports,Yoga Mat,10,38295,25,287212.5,185421.44,101791.06,UPI,63,Male,3.5
O0489,C1132,2025-01-18,North,Delhi,Electronics,Laptop,6,22583,5,128723.1,94846.35,33876.75,UPI,65,Male,3.7
O0490,C1098,2025-06-01,South,Bangalore,Electronics,Headphones,4,28735,10,103446.0,74064.33,29381.67,Cash,59,Male,3.6
O0491,C1044,2025-05-19,East,Kolkata,Clothing,Jacket,9,34014,0,306126.0,215730.78,90395.22,UPI,42,Male,3.9
O0492,C1005,2025-05-23,North,Jaipur,Grocery,Oil,2,32323,5,61413.7,45919.77,15493.93,Cash,63,Female,3.3
O0493,C1099,2025-07-18,North,Jaipur,Furniture,Cupboard,7,29125,30,142712.5,92452.67,50259.83,Cash,47,Female,4.5
O0494,C1028,2025-01-29,North,Delhi,Electronics,Headphones,4,42276,15,143738.4,110397.24,33341.16,Cash,21,Male,4.2
O0495,C1194,2025-12-01,North,Jaipur,Clothing,Shoes,10,5577,0,55770.0,37831.51,17938.49,UPI,20,Female,4.2
O0496,C1122,2025-12-29,South,Visakhapatnam,Sports,Football,7,36798,20,206068.8,163361.14,42707.66,Cash,26,Male,3.6
O0497,C1072,2025-10-27,West,Pune,Clothing,Jeans,3,26026,5,74174.1,63468.03,10706.07,Cash,52,Male,4.5
O0498,C1195,2025-06-14,North,Delhi,Grocery,Milk,6,9605,30,40341.0,28150.99,12190.01,Cash,61,Male,3.6
O0499,C1084,2025-06-02,North,Delhi,Grocery,Oil,5,16278,5,77320.5,51655.9,25664.6,Cash,63,Male,4.5
O0500,C1187,2025-08-15,West,Pune,Electronics,Headphones,10,17910,0,179100.0,108839.74,70260.26,Cash,62,Male,3.4
